browser,duration,endTime,feedback,isi,judgment,startTime,subjectID,type,velocityFraction
Chrome,1050,,,1008,83,2019-07-19T23:07:59.054Z,A100Y89FZO4J0B,red,0.6000000000000001
Chrome,1050,,,961,83,2019-07-19T23:07:59.054Z,A100Y89FZO4J0B,red,0.7000000000000001
Chrome,1050,,,1027,76,2019-07-19T23:07:59.054Z,A100Y89FZO4J0B,red,1.0
Chrome,1050,,,975,83,2019-07-19T23:07:59.054Z,A100Y89FZO4J0B,red,1.0
Chrome,1050,,,1026,83,2019-07-19T23:07:59.054Z,A100Y89FZO4J0B,red,1.1
Chrome,1050,,,974,83,2019-07-19T23:07:59.054Z,A100Y89FZO4J0B,red,0.6000000000000001
Chrome,1050,,,1041,76,2019-07-19T23:07:59.054Z,A100Y89FZO4J0B,red,1.0
Chrome,1050,,,1009,83,2019-07-19T23:07:59.054Z,A100Y89FZO4J0B,red,0.9
Chrome,1050,,,968,83,2019-07-19T23:07:59.054Z,A100Y89FZO4J0B,red,0.6000000000000001
Chrome,1050,,,978,76,2019-07-20T22:12:49.696Z,A10O5YR01H865K,red,1.1
Chrome,1050,,,1001,83,2019-07-20T22:12:49.696Z,A10O5YR01H865K,red,0.5
Chrome,1050,,,1043,76,2019-07-20T22:12:49.696Z,A10O5YR01H865K,red,1.0
Chrome,1050,,,1004,83,2019-07-20T22:12:49.696Z,A10O5YR01H865K,red,0.6000000000000001
Chrome,1050,,,988,83,2019-07-20T22:12:49.696Z,A10O5YR01H865K,red,0.9
Chrome,1050,,,1020,76,2019-07-20T22:12:49.696Z,A10O5YR01H865K,red,1.3
Chrome,1050,,,978,76,2019-07-20T22:12:49.696Z,A10O5YR01H865K,red,1.2
Chrome,1050,,,983,83,2019-07-20T22:12:49.696Z,A10O5YR01H865K,red,0.6000000000000001
Chrome,1050,2019-07-20T22:24:33.546Z,,1016,83,2019-07-20T22:12:49.696Z,A10O5YR01H865K,red,0.8
Chrome,1050,,,976,83,2019-07-20T22:05:21.671Z,A13JMFIKC0UKYS,red,0.5
Chrome,1050,,,967,83,2019-07-20T22:05:21.671Z,A13JMFIKC0UKYS,red,0.6000000000000001
Chrome,1050,,,975,76,2019-07-20T22:05:21.671Z,A13JMFIKC0UKYS,red,1.3
Chrome,1050,,,1033,83,2019-07-20T22:05:21.671Z,A13JMFIKC0UKYS,red,1.0
Chrome,1050,,,957,83,2019-07-20T22:05:21.671Z,A13JMFIKC0UKYS,red,1.1
Chrome,1050,,,1022,83,2019-07-20T22:05:21.671Z,A13JMFIKC0UKYS,red,0.9
Chrome,1050,,,972,76,2019-07-20T22:05:21.671Z,A13JMFIKC0UKYS,red,1.0
Chrome,1050,,,1036,76,2019-07-20T22:05:21.671Z,A13JMFIKC0UKYS,red,0.8
Chrome,1050,,,1043,83,2019-07-20T22:05:21.671Z,A13JMFIKC0UKYS,red,0.6000000000000001
Chrome,1050,,,1045,83,2019-07-19T22:18:09.277Z,A19R9046KFC12H,red,0.6000000000000001
Chrome,1050,,,1030,76,2019-07-19T22:18:09.277Z,A19R9046KFC12H,red,1.2
Chrome,1050,,,991,83,2019-07-19T22:18:09.277Z,A19R9046KFC12H,red,0.5
Chrome,1050,,,1010,76,2019-07-19T22:18:09.277Z,A19R9046KFC12H,red,1.0
Chrome,1050,,,1047,83,2019-07-19T22:18:09.277Z,A19R9046KFC12H,red,0.7000000000000001
Chrome,1050,,,952,76,2019-07-19T22:18:09.277Z,A19R9046KFC12H,red,1.3
Chrome,1050,,,975,83,2019-07-19T22:18:09.277Z,A19R9046KFC12H,red,0.8
Chrome,1050,,,1042,83,2019-07-19T22:18:09.277Z,A19R9046KFC12H,red,0.9
Chrome,1050,,,1023,83,2019-07-19T22:18:09.277Z,A19R9046KFC12H,red,0.5
Chrome,1050,,,978,76,2019-07-20T20:17:29.876Z,A1DNJ17PE2RYJZ,red,0.9
Chrome,1050,,,1035,83,2019-07-20T20:17:29.876Z,A1DNJ17PE2RYJZ,red,0.6000000000000001
Chrome,1050,,,1023,83,2019-07-20T20:17:29.876Z,A1DNJ17PE2RYJZ,red,1.3
Chrome,1050,,,1031,83,2019-07-20T20:17:29.876Z,A1DNJ17PE2RYJZ,red,0.7000000000000001
Chrome,1050,,,1005,83,2019-07-20T20:17:29.876Z,A1DNJ17PE2RYJZ,red,0.5
Chrome,1050,,,967,83,2019-07-20T20:17:29.876Z,A1DNJ17PE2RYJZ,red,0.8
Chrome,1050,,,980,83,2019-07-20T20:17:29.876Z,A1DNJ17PE2RYJZ,red,0.7000000000000001
Chrome,1050,,,1007,83,2019-07-20T20:17:29.876Z,A1DNJ17PE2RYJZ,red,0.8
Chrome,1050,,,1015,83,2019-07-20T20:17:29.876Z,A1DNJ17PE2RYJZ,red,1.0
Firefox,1050,,,969,83,2019-07-20T19:54:29.496Z,A1KH1O9AZ7S642,red,1.1
Firefox,1050,,,974,76,2019-07-20T19:54:29.496Z,A1KH1O9AZ7S642,red,1.3
Firefox,1050,,,972,83,2019-07-20T19:54:29.496Z,A1KH1O9AZ7S642,red,0.7000000000000001
Firefox,1050,,,1012,76,2019-07-20T19:54:29.496Z,A1KH1O9AZ7S642,red,1.2
Firefox,1050,,,995,76,2019-07-20T19:54:29.496Z,A1KH1O9AZ7S642,red,1.3
Firefox,1050,,,1020,83,2019-07-20T19:54:29.496Z,A1KH1O9AZ7S642,red,0.5
Firefox,1050,,,972,83,2019-07-20T19:54:29.496Z,A1KH1O9AZ7S642,red,0.8
Firefox,1050,,,995,76,2019-07-20T19:54:29.496Z,A1KH1O9AZ7S642,red,1.3
Firefox,1050,,,989,83,2019-07-20T19:54:29.496Z,A1KH1O9AZ7S642,red,0.9
Chrome,1050,,,1017,76,2019-07-19T22:00:36.229Z,A1LSGYXKP6O1B8,red,1.1
Chrome,1050,,,1003,83,2019-07-19T22:00:36.229Z,A1LSGYXKP6O1B8,red,0.6000000000000001
Chrome,1050,,,987,83,2019-07-19T22:00:36.229Z,A1LSGYXKP6O1B8,red,0.8
Chrome,1050,,,1019,83,2019-07-19T22:00:36.229Z,A1LSGYXKP6O1B8,red,0.8
Chrome,1050,,,993,76,2019-07-19T22:00:36.229Z,A1LSGYXKP6O1B8,red,1.0
Chrome,1050,,,1040,76,2019-07-19T22:00:36.229Z,A1LSGYXKP6O1B8,red,1.3
Chrome,1050,,,974,83,2019-07-19T22:00:36.229Z,A1LSGYXKP6O1B8,red,0.6000000000000001
Chrome,1050,,,951,76,2019-07-19T22:00:36.229Z,A1LSGYXKP6O1B8,red,1.1
Chrome,1050,,,962,76,2019-07-19T22:00:36.229Z,A1LSGYXKP6O1B8,red,1.3
Chrome,1050,,,1048,76,2019-07-20T20:56:50.236Z,A1M24593XO5Z3C,red,0.5
Chrome,1050,,,954,76,2019-07-20T20:56:50.236Z,A1M24593XO5Z3C,red,1.2
Chrome,1050,,,982,83,2019-07-20T20:56:50.236Z,A1M24593XO5Z3C,red,1.1
Chrome,1050,,,983,76,2019-07-20T20:56:50.236Z,A1M24593XO5Z3C,red,1.0
Chrome,1050,,,1019,83,2019-07-20T20:56:50.236Z,A1M24593XO5Z3C,red,0.9
Chrome,1050,,,966,76,2019-07-20T20:56:50.236Z,A1M24593XO5Z3C,red,1.1
Chrome,1050,,,1003,83,2019-07-20T20:56:50.236Z,A1M24593XO5Z3C,red,1.3
Chrome,1050,,,1047,76,2019-07-20T20:56:50.236Z,A1M24593XO5Z3C,red,1.1
Chrome,1050,,,1044,83,2019-07-20T20:56:50.236Z,A1M24593XO5Z3C,red,0.9
Chrome,1050,,,1045,83,2019-07-19T21:24:44.136Z,A1P2RQ166VS5BT,red,1.3
Chrome,1050,,,1018,76,2019-07-19T21:24:44.136Z,A1P2RQ166VS5BT,red,0.8
Chrome,1050,,,994,83,2019-07-19T21:24:44.136Z,A1P2RQ166VS5BT,red,0.5
Chrome,1050,,,985,76,2019-07-19T21:24:44.136Z,A1P2RQ166VS5BT,red,1.1
Chrome,1050,,,975,83,2019-07-19T21:24:44.136Z,A1P2RQ166VS5BT,red,0.5
Chrome,1050,,,988,76,2019-07-19T21:24:44.136Z,A1P2RQ166VS5BT,red,1.0
Chrome,1050,,,990,76,2019-07-19T21:24:44.136Z,A1P2RQ166VS5BT,red,1.0
Chrome,1050,,,1016,76,2019-07-19T21:24:44.136Z,A1P2RQ166VS5BT,red,0.6000000000000001
Chrome,1050,,,959,76,2019-07-19T21:24:44.136Z,A1P2RQ166VS5BT,red,1.1
Chrome,1050,,,971,83,2019-07-20T19:52:24.945Z,A1PAY3X73PQ16S,red,0.8
Chrome,1050,,,1017,76,2019-07-20T19:52:24.945Z,A1PAY3X73PQ16S,red,1.2
Chrome,1050,,,992,76,2019-07-20T19:52:24.945Z,A1PAY3X73PQ16S,red,1.1
Chrome,1050,,,960,83,2019-07-20T19:52:24.945Z,A1PAY3X73PQ16S,red,1.0
Chrome,1050,,,958,83,2019-07-20T19:52:24.945Z,A1PAY3X73PQ16S,red,0.7000000000000001
Chrome,1050,,,1007,76,2019-07-20T19:52:24.945Z,A1PAY3X73PQ16S,red,0.5
Chrome,1050,,,993,83,2019-07-20T19:52:24.945Z,A1PAY3X73PQ16S,red,1.1
Chrome,1050,,,975,83,2019-07-20T19:52:24.945Z,A1PAY3X73PQ16S,red,1.0
Chrome,1050,,,1027,76,2019-07-20T19:52:24.945Z,A1PAY3X73PQ16S,red,1.3
Chrome,1050,,,964,76,2019-07-20T20:23:54.628Z,A1PB9RGHUXNVP6,red,0.8
Chrome,1050,,,999,76,2019-07-20T20:23:54.628Z,A1PB9RGHUXNVP6,red,1.0
Chrome,1050,,,1013,83,2019-07-20T20:23:54.628Z,A1PB9RGHUXNVP6,red,1.2
Chrome,1050,,,1019,83,2019-07-20T20:23:54.628Z,A1PB9RGHUXNVP6,red,1.0
Chrome,1050,,,1030,76,2019-07-20T20:23:54.628Z,A1PB9RGHUXNVP6,red,0.8
Chrome,1050,,,1009,76,2019-07-20T20:23:54.628Z,A1PB9RGHUXNVP6,red,1.3
Chrome,1050,,,1037,83,2019-07-20T20:23:54.628Z,A1PB9RGHUXNVP6,red,1.3
Chrome,1050,,,1042,83,2019-07-20T20:23:54.628Z,A1PB9RGHUXNVP6,red,1.0
Chrome,1050,,,1015,83,2019-07-20T20:23:54.628Z,A1PB9RGHUXNVP6,red,0.8
Chrome,1050,,,996,83,2019-07-20T19:54:14.554Z,A1PTH9KTRO06EG,red,0.9
Chrome,1050,,,986,83,2019-07-20T19:54:14.554Z,A1PTH9KTRO06EG,red,0.8
Chrome,1050,,,1031,76,2019-07-20T19:54:14.554Z,A1PTH9KTRO06EG,red,1.3
Chrome,1050,,,1030,76,2019-07-20T19:54:14.554Z,A1PTH9KTRO06EG,red,1.2
Chrome,1050,,,1038,83,2019-07-20T19:54:14.554Z,A1PTH9KTRO06EG,red,0.9
Chrome,1050,,,1011,83,2019-07-20T19:54:14.554Z,A1PTH9KTRO06EG,red,0.5
Chrome,1050,,,1016,76,2019-07-20T19:54:14.554Z,A1PTH9KTRO06EG,red,0.9
Chrome,1050,,,1003,76,2019-07-20T19:54:14.554Z,A1PTH9KTRO06EG,red,1.2
Chrome,1050,,,987,83,2019-07-20T19:54:14.554Z,A1PTH9KTRO06EG,red,0.6000000000000001
Chrome,1050,,,990,83,2019-07-20T19:51:29.636Z,A1V2H0UF94ATWY,red,0.8
Chrome,1050,,,969,76,2019-07-20T19:51:29.636Z,A1V2H0UF94ATWY,red,0.9
Chrome,1050,,,1040,83,2019-07-20T19:51:29.636Z,A1V2H0UF94ATWY,red,0.5
Chrome,1050,,,1012,83,2019-07-20T19:51:29.636Z,A1V2H0UF94ATWY,red,0.5
Chrome,1050,,,993,83,2019-07-20T19:51:29.636Z,A1V2H0UF94ATWY,red,0.6000000000000001
Chrome,1050,,,1018,83,2019-07-20T19:51:29.636Z,A1V2H0UF94ATWY,red,0.7000000000000001
Chrome,1050,,,997,83,2019-07-20T19:51:29.636Z,A1V2H0UF94ATWY,red,0.6000000000000001
Chrome,1050,,,1044,83,2019-07-20T19:51:29.636Z,A1V2H0UF94ATWY,red,0.8
Chrome,1050,,,1036,76,2019-07-20T19:51:29.636Z,A1V2H0UF94ATWY,red,0.9
Chrome,1050,,,952,83,2019-07-20T20:21:00.640Z,A1WISFBL3J5Z12,red,0.7000000000000001
Chrome,1050,,,1016,83,2019-07-20T20:21:00.640Z,A1WISFBL3J5Z12,red,1.1
Chrome,1050,,,964,83,2019-07-20T20:21:00.640Z,A1WISFBL3J5Z12,red,0.5
Chrome,1050,,,966,83,2019-07-20T20:21:00.640Z,A1WISFBL3J5Z12,red,1.2
Chrome,1050,,,1037,83,2019-07-20T20:21:00.640Z,A1WISFBL3J5Z12,red,1.0
Chrome,1050,,,1026,76,2019-07-20T20:21:00.640Z,A1WISFBL3J5Z12,red,1.1
Chrome,1050,,,1034,83,2019-07-20T20:21:00.640Z,A1WISFBL3J5Z12,red,0.8
Chrome,1050,,,1012,76,2019-07-20T20:21:00.640Z,A1WISFBL3J5Z12,red,1.1
Chrome,1050,,,982,83,2019-07-20T20:21:00.640Z,A1WISFBL3J5Z12,red,0.9
Chrome,1050,,,984,83,2019-07-20T20:39:31.521Z,A20N1NK5X5S88F,red,0.5
Chrome,1050,,,1022,83,2019-07-20T20:39:31.521Z,A20N1NK5X5S88F,red,0.9
Chrome,1050,,,1038,76,2019-07-20T20:39:31.521Z,A20N1NK5X5S88F,red,1.2
Chrome,1050,,,1006,76,2019-07-20T20:39:31.521Z,A20N1NK5X5S88F,red,1.0
Chrome,1050,,,958,83,2019-07-20T20:39:31.521Z,A20N1NK5X5S88F,red,0.9
Chrome,1050,,,952,83,2019-07-20T20:39:31.521Z,A20N1NK5X5S88F,red,0.7000000000000001
Chrome,1050,,,979,83,2019-07-20T20:39:31.521Z,A20N1NK5X5S88F,red,0.5
Chrome,1050,,,1033,83,2019-07-20T20:39:31.521Z,A20N1NK5X5S88F,red,0.6000000000000001
Chrome,1050,,,1043,83,2019-07-20T20:39:31.521Z,A20N1NK5X5S88F,red,0.8
Firefox,1050,,,1049,83,2019-07-20T20:49:36.509Z,A22CRHYK7SPW8C,red,1.0
Firefox,1050,,,1038,76,2019-07-20T20:49:36.509Z,A22CRHYK7SPW8C,red,1.3
Firefox,1050,,,1026,83,2019-07-20T20:49:36.509Z,A22CRHYK7SPW8C,red,1.1
Firefox,1050,,,973,83,2019-07-20T20:49:36.509Z,A22CRHYK7SPW8C,red,0.9
Firefox,1050,,,982,83,2019-07-20T20:49:36.509Z,A22CRHYK7SPW8C,red,0.5
Firefox,1050,,,1028,83,2019-07-20T20:49:36.509Z,A22CRHYK7SPW8C,red,1.3
Firefox,1050,,,1029,83,2019-07-20T20:49:36.509Z,A22CRHYK7SPW8C,red,1.2
Firefox,1050,,,1033,83,2019-07-20T20:49:36.509Z,A22CRHYK7SPW8C,red,0.8
Firefox,1050,,,1012,76,2019-07-20T20:49:36.509Z,A22CRHYK7SPW8C,red,1.3
Chrome,1050,,,999,83,2019-07-20T20:00:42.515Z,A27W025UEXS1G0,red,0.8
Chrome,1050,,,1041,76,2019-07-20T20:00:42.515Z,A27W025UEXS1G0,red,1.3
Chrome,1050,,,1000,83,2019-07-20T20:00:42.515Z,A27W025UEXS1G0,red,0.5
Chrome,1050,,,1042,83,2019-07-20T20:00:42.515Z,A27W025UEXS1G0,red,0.5
Chrome,1050,,,980,83,2019-07-20T20:00:42.515Z,A27W025UEXS1G0,red,1.0
Chrome,1050,,,967,83,2019-07-20T20:00:42.515Z,A27W025UEXS1G0,red,0.9
Chrome,1050,,,989,83,2019-07-20T20:00:42.515Z,A27W025UEXS1G0,red,0.5
Chrome,1050,,,1048,76,2019-07-20T20:00:42.515Z,A27W025UEXS1G0,red,1.2
Chrome,1050,2019-07-20T20:11:00.119Z,None,1027,83,2019-07-20T20:00:42.515Z,A27W025UEXS1G0,red,0.6000000000000001
Chrome,1050,,,966,83,2019-07-20T19:52:55.650Z,A2JCHN90PRUWDH,red,0.6000000000000001
Chrome,1050,,,1024,76,2019-07-20T19:52:55.650Z,A2JCHN90PRUWDH,red,0.9
Chrome,1050,,,969,83,2019-07-20T19:52:55.650Z,A2JCHN90PRUWDH,red,1.3
Chrome,1050,,,1026,76,2019-07-20T19:52:55.650Z,A2JCHN90PRUWDH,red,1.3
Chrome,1050,,,1007,83,2019-07-20T19:52:55.650Z,A2JCHN90PRUWDH,red,0.8
Chrome,1050,,,966,76,2019-07-20T19:52:55.650Z,A2JCHN90PRUWDH,red,1.0
Chrome,1050,,,1036,76,2019-07-20T19:52:55.650Z,A2JCHN90PRUWDH,red,1.2
Chrome,1050,,,978,76,2019-07-20T19:52:55.650Z,A2JCHN90PRUWDH,red,1.0
Chrome,1050,,,960,83,2019-07-20T19:52:55.650Z,A2JCHN90PRUWDH,red,0.5
Chrome,1050,,,972,83,2019-07-20T20:52:42.726Z,A2JLNI234KEKKE,red,0.5
Chrome,1050,,,995,76,2019-07-20T20:52:42.726Z,A2JLNI234KEKKE,red,1.1
Chrome,1050,,,978,76,2019-07-20T20:52:42.726Z,A2JLNI234KEKKE,red,1.2
Chrome,1050,,,1048,76,2019-07-20T20:52:42.726Z,A2JLNI234KEKKE,red,1.2
Chrome,1050,,,975,83,2019-07-20T20:52:42.726Z,A2JLNI234KEKKE,red,0.8
Chrome,1050,,,973,76,2019-07-20T20:52:42.726Z,A2JLNI234KEKKE,red,1.1
Chrome,1050,,,1018,83,2019-07-20T20:52:42.726Z,A2JLNI234KEKKE,red,0.9
Chrome,1050,,,1040,83,2019-07-20T20:52:42.726Z,A2JLNI234KEKKE,red,0.8
Chrome,1050,2019-07-20T21:03:10.706Z,None.,1025,83,2019-07-20T20:52:42.726Z,A2JLNI234KEKKE,red,0.5
Chrome,1050,,,952,76,2019-07-19T22:24:54.459Z,A2K0E2OQ2KCCTD,red,1.3
Chrome,1050,,,953,83,2019-07-19T22:24:54.459Z,A2K0E2OQ2KCCTD,red,0.8
Chrome,1050,,,998,83,2019-07-19T22:24:54.459Z,A2K0E2OQ2KCCTD,red,0.6000000000000001
Chrome,1050,,,959,83,2019-07-19T22:24:54.459Z,A2K0E2OQ2KCCTD,red,0.6000000000000001
Chrome,1050,,,1021,76,2019-07-19T22:24:54.459Z,A2K0E2OQ2KCCTD,red,1.1
Chrome,1050,,,986,83,2019-07-19T22:24:54.459Z,A2K0E2OQ2KCCTD,red,0.5
Chrome,1050,,,962,83,2019-07-19T22:24:54.459Z,A2K0E2OQ2KCCTD,red,0.5
Chrome,1050,,,1004,83,2019-07-19T22:24:54.459Z,A2K0E2OQ2KCCTD,red,0.7000000000000001
Chrome,1050,,,973,76,2019-07-19T22:24:54.459Z,A2K0E2OQ2KCCTD,red,1.2
Chrome,1050,,,1047,76,2019-07-20T20:12:45.750Z,A2YP22IYWPZWR0,red,0.8
Chrome,1050,,,997,76,2019-07-20T20:12:45.750Z,A2YP22IYWPZWR0,red,1.2
Chrome,1050,,,1044,76,2019-07-20T20:12:45.750Z,A2YP22IYWPZWR0,red,1.1
Chrome,1050,,,953,83,2019-07-20T20:12:45.750Z,A2YP22IYWPZWR0,red,0.9
Chrome,1050,,,965,76,2019-07-20T20:12:45.750Z,A2YP22IYWPZWR0,red,1.2
Chrome,1050,,,974,83,2019-07-20T20:12:45.750Z,A2YP22IYWPZWR0,red,1.1
Chrome,1050,,,963,83,2019-07-20T20:12:45.750Z,A2YP22IYWPZWR0,red,0.6000000000000001
Chrome,1050,,,1046,83,2019-07-20T20:12:45.750Z,A2YP22IYWPZWR0,red,0.8
Chrome,1050,,,1026,83,2019-07-20T20:12:45.750Z,A2YP22IYWPZWR0,red,0.5
Chrome,1050,,,973,83,2019-07-20T21:52:20.515Z,A30VLAIIJIG5IS,red,0.7000000000000001
Chrome,1050,,,1035,83,2019-07-20T21:52:20.515Z,A30VLAIIJIG5IS,red,0.6000000000000001
Chrome,1050,,,968,83,2019-07-20T21:52:20.515Z,A30VLAIIJIG5IS,red,1.2
Chrome,1050,,,1045,83,2019-07-20T21:52:20.515Z,A30VLAIIJIG5IS,red,1.2
Chrome,1050,,,972,76,2019-07-20T21:52:20.515Z,A30VLAIIJIG5IS,red,1.1
Chrome,1050,,,974,83,2019-07-20T21:52:20.515Z,A30VLAIIJIG5IS,red,0.6000000000000001
Chrome,1050,,,1020,83,2019-07-20T21:52:20.515Z,A30VLAIIJIG5IS,red,0.7000000000000001
Chrome,1050,,,999,76,2019-07-20T21:52:20.515Z,A30VLAIIJIG5IS,red,1.1
Chrome,1050,,,950,76,2019-07-20T21:52:20.515Z,A30VLAIIJIG5IS,red,1.3
Chrome,1050,,,1047,83,2019-07-20T19:58:26.494Z,A36QBKROJ4J9EJ,red,0.5
Chrome,1050,,,1041,83,2019-07-20T19:58:26.494Z,A36QBKROJ4J9EJ,red,1.1
Chrome,1050,,,986,76,2019-07-20T19:58:26.494Z,A36QBKROJ4J9EJ,red,1.0
Chrome,1050,,,982,76,2019-07-20T19:58:26.494Z,A36QBKROJ4J9EJ,red,1.2
Chrome,1050,,,994,83,2019-07-20T19:58:26.494Z,A36QBKROJ4J9EJ,red,0.9
Chrome,1050,,,1001,76,2019-07-20T19:58:26.494Z,A36QBKROJ4J9EJ,red,1.3
Chrome,1050,,,1029,76,2019-07-20T19:58:26.494Z,A36QBKROJ4J9EJ,red,1.0
Chrome,1050,,,964,76,2019-07-20T19:58:26.494Z,A36QBKROJ4J9EJ,red,1.2
Chrome,1050,,,974,83,2019-07-20T19:58:26.494Z,A36QBKROJ4J9EJ,red,0.6000000000000001
Chrome,1050,,,955,83,2019-07-20T20:27:11.852Z,A3GK90X2QOFR53,red,1.2
Chrome,1050,,,1033,83,2019-07-20T20:27:11.852Z,A3GK90X2QOFR53,red,0.6000000000000001
Chrome,1050,,,1043,83,2019-07-20T20:27:11.852Z,A3GK90X2QOFR53,red,1.1
Chrome,1050,,,1000,83,2019-07-20T20:27:11.852Z,A3GK90X2QOFR53,red,0.9
Chrome,1050,,,996,83,2019-07-20T20:27:11.852Z,A3GK90X2QOFR53,red,1.1
Chrome,1050,,,980,76,2019-07-20T20:27:11.852Z,A3GK90X2QOFR53,red,1.3
Chrome,1050,,,1025,83,2019-07-20T20:27:11.852Z,A3GK90X2QOFR53,red,0.6000000000000001
Chrome,1050,,,1038,83,2019-07-20T20:27:11.852Z,A3GK90X2QOFR53,red,0.5
Chrome,1050,2019-07-20T20:37:34.852Z,none,1035,83,2019-07-20T20:27:11.852Z,A3GK90X2QOFR53,red,0.9
Chrome,1050,,,1045,83,2019-07-19T21:24:37.791Z,A3I3JQX0P2F0K3,red,0.7000000000000001
Chrome,1050,,,970,83,2019-07-19T21:24:37.791Z,A3I3JQX0P2F0K3,red,0.6000000000000001
Chrome,1050,,,1024,83,2019-07-19T21:24:37.791Z,A3I3JQX0P2F0K3,red,1.3
Chrome,1050,,,965,76,2019-07-19T21:24:37.791Z,A3I3JQX0P2F0K3,red,0.8
Chrome,1050,,,1012,76,2019-07-19T21:24:37.791Z,A3I3JQX0P2F0K3,red,1.2
Chrome,1050,,,1048,83,2019-07-19T21:24:37.791Z,A3I3JQX0P2F0K3,red,0.9
Chrome,1050,,,1011,83,2019-07-19T21:24:37.791Z,A3I3JQX0P2F0K3,red,1.0
Chrome,1050,,,1009,83,2019-07-19T21:24:37.791Z,A3I3JQX0P2F0K3,red,1.1
Chrome,1050,2019-07-19T21:57:56.189Z,,972,76,2019-07-19T21:24:37.791Z,A3I3JQX0P2F0K3,red,0.9
Chrome,1050,,,950,83,2019-07-20T19:51:50.117Z,A3L0DCUXI7X3A9,red,0.8
Chrome,1050,,,994,83,2019-07-20T19:51:50.117Z,A3L0DCUXI7X3A9,red,0.6000000000000001
Chrome,1050,,,957,76,2019-07-20T19:51:50.117Z,A3L0DCUXI7X3A9,red,1.1
Chrome,1050,,,1025,83,2019-07-20T19:51:50.117Z,A3L0DCUXI7X3A9,red,0.5
Chrome,1050,,,1026,83,2019-07-20T19:51:50.117Z,A3L0DCUXI7X3A9,red,0.9
Chrome,1050,,,983,83,2019-07-20T19:51:50.117Z,A3L0DCUXI7X3A9,red,0.6000000000000001
Chrome,1050,,,1010,83,2019-07-20T19:51:50.117Z,A3L0DCUXI7X3A9,red,0.5
Chrome,1050,,,985,76,2019-07-20T19:51:50.117Z,A3L0DCUXI7X3A9,red,1.0
Chrome,1050,2019-07-20T20:03:45.345Z,no problems,1030,83,2019-07-20T19:51:50.117Z,A3L0DCUXI7X3A9,red,1.3
Chrome,1050,,,1040,83,2019-07-19T23:09:47.231Z,A3UV55HC87DO9C,red,0.6000000000000001
Chrome,1050,,,1031,83,2019-07-19T23:09:47.231Z,A3UV55HC87DO9C,red,0.9
Chrome,1050,,,1003,83,2019-07-19T23:09:47.231Z,A3UV55HC87DO9C,red,0.7000000000000001
Chrome,1050,,,1014,83,2019-07-19T23:09:47.231Z,A3UV55HC87DO9C,red,0.9
Chrome,1050,,,1016,83,2019-07-19T23:09:47.231Z,A3UV55HC87DO9C,red,0.6000000000000001
Chrome,1050,,,1024,83,2019-07-19T23:09:47.231Z,A3UV55HC87DO9C,red,0.7000000000000001
Chrome,1050,,,1030,76,2019-07-19T23:09:47.231Z,A3UV55HC87DO9C,red,1.2
Chrome,1050,,,984,83,2019-07-19T23:09:47.231Z,A3UV55HC87DO9C,red,0.5
Chrome,1050,,,1022,76,2019-07-19T23:09:47.231Z,A3UV55HC87DO9C,red,1.1
Chrome,1050,,,986,83,2019-07-20T20:06:21.176Z,A5IM0E95QAB7L,red,1.3
Chrome,1050,,,985,83,2019-07-20T20:06:21.176Z,A5IM0E95QAB7L,red,0.7000000000000001
Chrome,1050,,,1009,83,2019-07-20T20:06:21.176Z,A5IM0E95QAB7L,red,0.9
Chrome,1050,,,961,83,2019-07-20T20:06:21.176Z,A5IM0E95QAB7L,red,1.3
Chrome,1050,,,992,83,2019-07-20T20:06:21.176Z,A5IM0E95QAB7L,red,0.9
Chrome,1050,,,1017,83,2019-07-20T20:06:21.176Z,A5IM0E95QAB7L,red,0.5
Chrome,1050,,,971,76,2019-07-20T20:06:21.176Z,A5IM0E95QAB7L,red,1.2
Chrome,1050,,,1041,83,2019-07-20T20:06:21.176Z,A5IM0E95QAB7L,red,0.6000000000000001
Chrome,1050,,,988,83,2019-07-20T20:06:21.176Z,A5IM0E95QAB7L,red,1.3
Chrome,1050,,,956,83,2019-07-20T21:12:51.308Z,ACDX50KGPE97I,red,1.0
Chrome,1050,,,967,83,2019-07-20T21:12:51.308Z,ACDX50KGPE97I,red,1.1
Chrome,1050,,,1031,76,2019-07-20T21:12:51.308Z,ACDX50KGPE97I,red,1.3
Chrome,1050,,,963,83,2019-07-20T21:12:51.308Z,ACDX50KGPE97I,red,1.2
Chrome,1050,,,1034,83,2019-07-20T21:12:51.308Z,ACDX50KGPE97I,red,1.0
Chrome,1050,,,994,83,2019-07-20T21:12:51.308Z,ACDX50KGPE97I,red,0.5
Chrome,1050,,,1000,83,2019-07-20T21:12:51.308Z,ACDX50KGPE97I,red,0.7000000000000001
Chrome,1050,,,965,83,2019-07-20T21:12:51.308Z,ACDX50KGPE97I,red,0.5
Chrome,1050,,,968,83,2019-07-20T21:12:51.308Z,ACDX50KGPE97I,red,0.6000000000000001
Chrome,1050,,,966,76,2019-07-20T20:00:45.694Z,AFQ9W6WA8O9EH,red,1.3
Chrome,1050,,,1033,83,2019-07-20T20:00:45.694Z,AFQ9W6WA8O9EH,red,0.6000000000000001
Chrome,1050,,,1004,83,2019-07-20T20:00:45.694Z,AFQ9W6WA8O9EH,red,0.5
Chrome,1050,,,1018,76,2019-07-20T20:00:45.694Z,AFQ9W6WA8O9EH,red,1.3
Chrome,1050,,,964,83,2019-07-20T20:00:45.694Z,AFQ9W6WA8O9EH,red,0.9
Chrome,1050,,,977,83,2019-07-20T20:00:45.694Z,AFQ9W6WA8O9EH,red,0.5
Chrome,1050,,,957,83,2019-07-20T20:00:45.694Z,AFQ9W6WA8O9EH,red,0.8
Chrome,1050,,,1018,76,2019-07-20T20:00:45.694Z,AFQ9W6WA8O9EH,red,1.0
Chrome,1050,2019-07-20T20:12:42.660Z,,996,76,2019-07-20T20:00:45.694Z,AFQ9W6WA8O9EH,red,1.3
Chrome,1050,,,1041,83,2019-07-20T20:05:53.518Z,AKJ22H1NTVIQX,red,1.2
Chrome,1050,,,1044,76,2019-07-20T20:05:53.518Z,AKJ22H1NTVIQX,red,1.3
Chrome,1050,,,982,83,2019-07-20T20:05:53.518Z,AKJ22H1NTVIQX,red,0.6000000000000001
Chrome,1050,,,1013,76,2019-07-20T20:05:53.518Z,AKJ22H1NTVIQX,red,0.9
Chrome,1050,,,1011,83,2019-07-20T20:05:53.518Z,AKJ22H1NTVIQX,red,0.6000000000000001
Chrome,1050,,,990,76,2019-07-20T20:05:53.518Z,AKJ22H1NTVIQX,red,1.0
Chrome,1050,,,981,83,2019-07-20T20:05:53.518Z,AKJ22H1NTVIQX,red,0.9
Chrome,1050,,,1011,83,2019-07-20T20:05:53.518Z,AKJ22H1NTVIQX,red,0.6000000000000001
Chrome,1050,2019-07-20T20:16:58.717Z,Interesting an d novel for mturk,1032,76,2019-07-20T20:05:53.518Z,AKJ22H1NTVIQX,red,1.0
Chrome,1050,,,965,76,2019-07-20T19:52:46.341Z,ANYX5000YGSK3,red,0.5
Chrome,1050,,,983,76,2019-07-20T19:52:46.341Z,ANYX5000YGSK3,red,1.0
Chrome,1050,,,999,83,2019-07-20T19:52:46.341Z,ANYX5000YGSK3,red,1.3
Chrome,1050,,,955,83,2019-07-20T19:52:46.341Z,ANYX5000YGSK3,red,1.1
Chrome,1050,,,1042,76,2019-07-20T19:52:46.341Z,ANYX5000YGSK3,red,0.8
Chrome,1050,,,1029,83,2019-07-20T19:52:46.341Z,ANYX5000YGSK3,red,0.6000000000000001
Chrome,1050,,,989,83,2019-07-20T19:52:46.341Z,ANYX5000YGSK3,red,0.5
Chrome,1050,,,1006,83,2019-07-20T19:52:46.341Z,ANYX5000YGSK3,red,1.1
Chrome,1050,2019-07-20T20:06:00.679Z,no it is nice to play,967,76,2019-07-20T19:52:46.341Z,ANYX5000YGSK3,red,0.8
Chrome,1050,,,960,83,2019-07-20T19:52:15.299Z,AQA46IS6AUNA8,red,0.9
Chrome,1050,,,979,83,2019-07-20T19:52:15.299Z,AQA46IS6AUNA8,red,0.5
Chrome,1050,,,1009,76,2019-07-20T19:52:15.299Z,AQA46IS6AUNA8,red,1.2
Chrome,1050,,,959,76,2019-07-20T19:52:15.299Z,AQA46IS6AUNA8,red,1.3
Chrome,1050,,,970,76,2019-07-20T19:52:15.299Z,AQA46IS6AUNA8,red,1.1
Chrome,1050,,,1033,83,2019-07-20T19:52:15.299Z,AQA46IS6AUNA8,red,1.0
Chrome,1050,,,993,83,2019-07-20T19:52:15.299Z,AQA46IS6AUNA8,red,0.7000000000000001
Chrome,1050,,,967,83,2019-07-20T19:52:15.299Z,AQA46IS6AUNA8,red,0.9
Chrome,1050,2019-07-20T20:02:12.085Z,,963,76,2019-07-20T19:52:15.299Z,AQA46IS6AUNA8,red,0.8
Chrome,1050,,,1025,83,2019-07-19T22:15:27.165Z,AT6OT5K5Z4V0J,red,0.6000000000000001
Chrome,1050,,,1006,76,2019-07-19T22:15:27.165Z,AT6OT5K5Z4V0J,red,1.1
Chrome,1050,,,1010,76,2019-07-19T22:15:27.165Z,AT6OT5K5Z4V0J,red,1.3
Chrome,1050,,,1000,76,2019-07-19T22:15:27.165Z,AT6OT5K5Z4V0J,red,1.1
Chrome,1050,,,1024,76,2019-07-19T22:15:27.165Z,AT6OT5K5Z4V0J,red,1.2
Chrome,1050,,,993,83,2019-07-19T22:15:27.165Z,AT6OT5K5Z4V0J,red,0.6000000000000001
Chrome,1050,,,980,76,2019-07-19T22:15:27.165Z,AT6OT5K5Z4V0J,red,1.1
Chrome,1050,,,982,76,2019-07-19T22:15:27.165Z,AT6OT5K5Z4V0J,red,1.2
Chrome,1050,2019-07-19T22:27:06.568Z,,1016,83,2019-07-19T22:15:27.165Z,AT6OT5K5Z4V0J,red,0.8
Chrome,1050,,,986,76,2019-07-19T22:09:50.843Z,ATP43ZVI1RP0C,red,1.3
Chrome,1050,,,1001,83,2019-07-19T22:09:50.843Z,ATP43ZVI1RP0C,red,0.6000000000000001
Chrome,1050,,,994,83,2019-07-19T22:09:50.843Z,ATP43ZVI1RP0C,red,1.1
Chrome,1050,,,994,76,2019-07-19T22:09:50.843Z,ATP43ZVI1RP0C,red,1.2
Chrome,1050,,,992,83,2019-07-19T22:09:50.843Z,ATP43ZVI1RP0C,red,1.0
Chrome,1050,,,1014,76,2019-07-19T22:09:50.843Z,ATP43ZVI1RP0C,red,1.3
Chrome,1050,,,985,83,2019-07-19T22:09:50.843Z,ATP43ZVI1RP0C,red,0.9
Chrome,1050,,,1034,83,2019-07-19T22:09:50.843Z,ATP43ZVI1RP0C,red,0.5
Chrome,1050,2019-07-19T22:20:09.446Z,,975,76,2019-07-19T22:09:50.843Z,ATP43ZVI1RP0C,red,1.3
Chrome,1050,,,1009,83,2019-07-20T20:08:22.424Z,AXMPSUNKUBEIL,red,1.2
Chrome,1050,,,999,83,2019-07-20T20:08:22.424Z,AXMPSUNKUBEIL,red,0.6000000000000001
Chrome,1050,,,1041,76,2019-07-20T20:08:22.424Z,AXMPSUNKUBEIL,red,1.3
Chrome,1050,,,1001,83,2019-07-20T20:08:22.424Z,AXMPSUNKUBEIL,red,0.9
Chrome,1050,,,972,83,2019-07-20T20:08:22.424Z,AXMPSUNKUBEIL,red,0.5
Chrome,1050,,,988,76,2019-07-20T20:08:22.424Z,AXMPSUNKUBEIL,red,1.1
Chrome,1050,,,998,76,2019-07-20T20:08:22.424Z,AXMPSUNKUBEIL,red,1.0
Chrome,1050,,,975,83,2019-07-20T20:08:22.424Z,AXMPSUNKUBEIL,red,0.5
Chrome,1050,,,1022,83,2019-07-20T20:08:22.424Z,AXMPSUNKUBEIL,red,0.8
